{"cameraMode":{"drawMode":0,"name":"Shaded","section":"Shading Mode"},"sceneLighting":true,"audioPlay":false,"sceneViewState":{"showFog":true,"showMaterialUpdate":false,"showSkybox":true,"showFlares":true,"showImageEffects":true,"showParticleSystems":true,"showVisualEffectGraphs":true,"m_FxEnabled":true},"in2DMode":false,"pivot":{"x":336.37286376953127,"y":315.75250244140627,"z":-286.17657470703127},"rotation":{"x":-0.27214980125427248,"y":0.06690598279237747,"z":-0.018962141126394273,"w":-0.9597468376159668},"size":73.35210418701172,"orthographic":false}